title,company,location,link
Softwareentwickler (m/w/d) Backend Python/Go,Hetzner Cloud GmbH,"Unterföhring, Deutschland",https://stackoverflow.com/jobs/272624
Software Engineering Manager,Intel Corporation,"Gdańsk, Poland",https://stackoverflow.com/jobs/529949
PHP Developer,Quant,"London, UK",https://stackoverflow.com/jobs/517291
React Front End Developer,Fifth Force GmbH (Neufund),"Berlin, Germany",https://stackoverflow.com/jobs/517290
"Camos Configurator Developer (OPP, C#, C++, ERP)",Schenck Process UKviaHays PLC,"Doncaster, UK",https://stackoverflow.com/jobs/529948
Angular Software Engineer,ZIVVER,"Amsterdam, Netherlands",https://stackoverflow.com/jobs/351317
IT Quality Engineer,Open-Xchange GmbH,"Dortmund, Deutschland",https://stackoverflow.com/jobs/515958
Streaming Data Engineer,ByteDance,Singapore,https://stackoverflow.com/jobs/523624
Web development Trainer (Gent),BeCode VZW,"Gent, Belgium",https://stackoverflow.com/jobs/236398
Full Stack iOS Engineer,eBay Classifieds Group,"Berlin, Germany",https://stackoverflow.com/jobs/529947
Web Dev Trainer / Coach (Antwerpen),BeCode VZW,"Antwerpen, Belgium",https://stackoverflow.com/jobs/215193
Senior Frontend Engineer - Javascript (m/f/d),Signavio,"Berlin, Germany",https://stackoverflow.com/jobs/529946
Lead Frontend Engineer - Javascript (m/f/d),Signavio,"Berlin, Germany",https://stackoverflow.com/jobs/529945
Junior/Senior Software Engineer,Oredata Yazılım Limited Şirketi,"İstanbul, Turkey",https://stackoverflow.com/jobs/529944
Python Engineer,Intel Corporation,"Gdańsk, Poland",https://stackoverflow.com/jobs/529943
Senior FrontEnd Developer - React,Facile.it,"Milan, Italy",https://stackoverflow.com/jobs/484597
Software Tester / Testautomatisierer (w/m/d),MOBISYS Mobile Informationssysteme GmbH,"Walldorf, Germany",https://stackoverflow.com/jobs/526977
DevOps Entwickler (w/m/d),MOBISYS Mobile Informationssysteme GmbH,"Walldorf, Germany",https://stackoverflow.com/jobs/526976
Lead Software Quality Engineer,ByteDance,Singapore,https://stackoverflow.com/jobs/523623
Software Support 2nd Level (w/m/d),MOBISYS Mobile Informationssysteme GmbH,"Walldorf, Germany",https://stackoverflow.com/jobs/526975
DevOps/Sysadmin (m/w/d) Kubernetes,Hetzner Cloud GmbH,"Unterföhring, Deutschland",https://stackoverflow.com/jobs/224179
Cloud Software Engineer,Intel Corporation,"Gdańsk, Poland",https://stackoverflow.com/jobs/529942
Software Engineer,Tripaneer,"Amsterdam, Netherlands",https://stackoverflow.com/jobs/458481
Senior Software Developer (m/w/d) AUTOSAR Classic,Vaillant GmbH,"Remscheid, Deutschland",https://stackoverflow.com/jobs/529941
Software Engineer (m/f/d),Synfioo GmbH,"Potsdam, Germany",https://stackoverflow.com/jobs/295854
